Protein,Name,Sequence
Protein L,WT,MEEVTIKANLIFANGSTQTAEFKGTFEKATSEAYAYADTLKKDNGEYTVDVADKGYTLNIKFAG
Protein L,Ex3D,MEEVTIKANLIFANGSTQTAEFKGTFDKATSDAYAYADTLKKDNGDYTVDVADKGYTLNIKFAG
Protein L,Ex4D,MDEVTIKANLIFANGSTQTAEFKGTFDKATSDAYAYADTLKKDNGDYTVDVADKGYTLNIKFAG
Protein L,Ex6D,MDDVTIKANLIFANGSTQTADFKGTFDKATSDAYAYADTLKKDNGDYTVDVADKGYTLNIKFAG
Protein L,DNx2EQ,MEEVTIKANLIFANGSTQTAEFKGTFEKATSEAYAYAETLKKENGEYTVDVADKGYTLNIKFAG
Protein L,DNx3EQ,MEEVTIKANLIFANGSTQTAEFKGTFEKATSEAYAYAETLKKEQGEYTVDVADKGYTLNIKFAG
Protein L,DNx4EQ,MEEVTIKANLIFANGSTQTAEFKGTFEKATSEAYAYAETLKKENGEYTVEVAEKGYTLNIKFAG
Protein L,NQx3DE,MEEVTIKADLIFADGSTQTAEFKGTFEKATSEAYAYADTLKKDNGEYTVDVADKGYTLDIKFAG
Protein L,NQx4DE,MEEVTIKADLIFADGSTQTAEFKGTFEKATSEAYAYADTLKKDDGEYTVDVADKGYTLDIKFAG
Protein L,NQx5DE,MEEVTIKADLIFADGSTETAEFKGTFEKATSEAYAYADTLKKDDGEYTVDVADKGYTLDIKFAG
Protein L,Ex3Q,MQEVTIKANLIFANGSTQTAQFKGTFQKATSEAYAYADTLKKDNGEYTVDVADKGYTLNIKFAG
Protein L,Ex5Q,MQEVTIKANLIFANGSTQTAQFKGTFQKATSQAYAYADTLKKDNGQYTVDVADKGYTLNIKFAG
Protein L,Kx3R,MEEVTIRANLIFANGSTQTAEFKGTFEKATSEAYAYADTLRRDNGEYTVDVADKGYTLNIKFAG
Protein L,Kx5R,MEEVTIRANLIFANGSTQTAEFRGTFERATSEAYAYADTLRRDNGEYTVDVADKGYTLNIKFAG
Protein L,Kx7R,MEEVTIRANLIFANGSTQTAEFRGTFERATSEAYAYADTLRRDNGEYTVDVADRGYTLNIRFAG
Protein L,Kx1S,MEEVTISANLIFANGSTQTAEFKGTFEKATSEAYAYADTLKKDNGEYTVDVADKGYTLNIKFAG
Protein L,Kx3S,MEEVTISANLIFANGSTQTAEFKGTFEKATSEAYAYADTLSSDNGEYTVDVADKGYTLNIKFAG
Protein L,Kx5S,MEEVTISANLIFANGSTQTAEFKGTFEKATSEAYAYADTLSSDNGEYTVDVADSGYTLNISFAG
Protein L,Kx2E,MEEVTIKANLIFANGSTQTAEFKGTFEKATSEAYAYADTLKEDNGEYTVDVADEGYTLNIKFAG
Protein L,Kx3E,MEEVTIKANLIFANGSTQTAEFKGTFEEATSEAYAYADTLKEDNGEYTVDVADEGYTLNIKFAG
Protein L,Kx4E,MEEVTIKANLIFANGSTQTAEFKGTFEEATSEAYAYADTLKEDNGEYTVDVADEGYTLNIEFAG
Protein L,Kx5E,MEEVTIKANLIFANGSTQTAEFEGTFEEATSEAYAYADTLKEDNGEYTVDVADEGYTLNIEFAG
Protein L,Kx6E,MEEVTIKANLIFANGSTQTAEFEGTFEEATSEAYAYADTLEEDNGEYTVDVADEGYTLNIEFAG
Protein L,Kx7E,MEEVTIEANLIFANGSTQTAEFEGTFEEATSEAYAYADTLEEDNGEYTVDVADEGYTLNIEFAG
Protein L,Kx2Q,MEEVTIKANLIFANGSTQTAEFKGTFEKATSEAYAYADTLKQDNGEYTVDVADQGYTLNIKFAG
Protein L,Kx3Q,MEEVTIKANLIFANGSTQTAEFKGTFEQATSEAYAYADTLKQDNGEYTVDVADQGYTLNIKFAG
Protein L,Kx4Q,MEEVTIKANLIFANGSTQTAEFKGTFEQATSEAYAYADTLKQDNGEYTVDVADQGYTLNIQFAG
Protein L,Kx5Q,MEEVTIKANLIFANGSTQTAEFQGTFEQATSEAYAYADTLKQDNGEYTVDVADQGYTLNIQFAG
Protein L,Kx6Q,MEEVTIKANLIFANGSTQTAEFQGTFEQATSEAYAYADTLQQDNGEYTVDVADQGYTLNIQFAG
Protein L,Kx7Q,MEEVTIQANLIFANGSTQTAEFQGTFEQATSEAYAYADTLQQDNGEYTVDVADQGYTLNIQFAG
Protein L,DEx7K,MKKVTIKANLIFANGSTQTAKFKGTFKKATSEAYAYADTLKKKNGEYTVKVAKKGYTLNIKFAG
Protein L,DEx8K,MKKVTIKANLIFANGSTQTAKFKGTFKKATSEAYAYADTLKKKNGKYTVKVAKKGYTLNIKFAG
Salt DNA Ligase N,WT,MSYYHHHHHHLESTSLYKKAGFPPTEFEPAESLSREAAEGQAALLREAVREHDHRYYVAADPLVSDAAYDALFSRLVALEDAFDLDTTNSPTNRVGGEPIDALETVEHV
Salt DNA Ligase N,Ex2D,MSYYHHHHHHLESTSLYKKAGFPPTEFEPAESLSREAAEGQAALLREAVREHDHRYYVAADPLVSDAAYDALFSRLVALEDAFDLDTTNSPTNRVGGEPIDALDTVDHV
Salt DNA Ligase N,Ex6D,MSYYHHHHHHLESTSLYKKAGFPPTDFDPAESLSREAAEGQAALLRDAVRDHDHRYYVAADPLVSDAAYDALFSRLVALEDAFDLDTTNSPTNRVGGEPIDALDTVDHV
Salt DNA Ligase N,Ex9D,MSYYHHHHHHLESTSLYKKAGFPPTDFDPADSLSREAAEGQAALLRDAVRDHDHRYYVAADPLVSDAAYDALFSRLVALDDAFDLDTTNSPTNRVGGDPIDALDTVDHV
Salt DNA Ligase N,Dx4E,MSYYHHHHHHLESTSLYKKAGFPPTEFEPAESLSREAAEGQAALLREAVREHEHRYYVAADPLVSDAAYDALFSRLVALEDAFELETTNSPTNRVGGEPIEALETVEHV
Salt DNA Ligase N,Dx7E,MSYYHHHHHHLESTSLYKKAGFPPTEFEPAESLSREAAEGQAALLREAVREHEHRYYVAADPLVSEAAYEALFSRLVALEEAFELETTNSPTNRVGGEPIEALETVEHV
Salt DNA Ligase N,Dx8E,MSYYHHHHHHLESTSLYKKAGFPPTEFEPAESLSREAAEGQAALLREAVREHEHRYYVAAEPLVSEAAYEALFSRLVALEEAFELETTNSPTNRVGGEPIEALETVEHV
Salt DNA Ligase N,DEx7NQ,MSYYHHHHHHLQSTSLYKKAGFPPTQFQPAQSLSREAAEGQAALLRQAVRQHNHRYYVAADPLVSDAAYDALFSRLVALEDAFDLDTTNSPTNRVGGEPIDALETVEHV
Salt DNA Ligase N,Rx2K,MSYYHHHHHHLESTSLYKKAGFPPTEFEPAESLSKEAAEGQAALLREAVREHDHRYYVAADPLVSDAAYDALFSKLVALEDAFDLDTTNSPTNRVGGEPIDALETVEHV
Salt DNA Ligase N,Rx3K,MSYYHHHHHHLESTSLYKKAGFPPTEFEPAESLSKEAAEGQAALLREAVREHDHKYYVAADPLVSDAAYDALFSKLVALEDAFDLDTTNSPTNRVGGEPIDALETVEHV
Salt DNA Ligase N,Sx4K,MSYYHHHHHHLEKTKLYKKAGFPPTEFEPAEKLKREAAEGQAALLREAVREHDHRYYVAADPLVSDAAYDALFSRLVALEDAFDLDTTNSPTNRVGGEPIDALETVEHV
E coli DNA Ligase N,WT,MSYYHHHHHHLESTSLYKKAGFMESIEQQLTELRTTLRHHEYLYHVMDAPEIPDAEYDRLMRELRELETKHPELITPDSPTQRVGAAPLAAF
E coli DNA Ligase N,Ex1D,MSYYHHHHHHLESTSLYKKAGFMESIEQQLTELRTTLRHHDYLYHVMDAPEIPDAEYDRLMRELRELETKHPELITPDSPTQRVGAAPLAAF
E coli DNA Ligase N,Ex2D,MSYYHHHHHHLESTSLYKKAGFMDSIDQQLTELRTTLRHHEYLYHVMDAPEIPDAEYDRLMRELRELETKHPELITPDSPTQRVGAAPLAAF
E coli DNA Ligase N,Ex3D,MSYYHHHHHHLESTSLYKKAGFMESIEQQLTELRTTLRHHEYLYHVMDAPEIPDAEYDRLMRDLRDLDTKHPELITPDSPTQRVGAAPLAAF
E coli DNA Ligase N,Ex4D,MSYYHHHHHHLESTSLYKKAGFMESIEQQLTELRTTLRHHDYLYHVMDAPEIPDAEYDRLMRDLRDLDTKHPELITPDSPTQRVGAAPLAAF
E coli DNA Ligase N,Ex5D,MSYYHHHHHHLESTSLYKKAGFMDSIDQQLTELRTTLRHHEYLYHVMDAPEIPDAEYDRLMRDLRDLDTKHPELITPDSPTQRVGAAPLAAF
E coli DNA Ligase N,Dx3E,MSYYHHHHHHLESTSLYKKAGFMESIEQQLTELRTTLRHHEYLYHVMDAPEIPEAEYERLMRELRELETKHPELITPESPTQRVGAAPLAAF
E coli DNA Ligase N,Dx4E,MSYYHHHHHHLESTSLYKKAGFMESIEQQLTELRTTLRHHEYLYHVMEAPEIPEAEYERLMRELRELETKHPELITPESPTQRVGAAPLAAF
E coli DNA Ligase N,Qx2E,MSYYHHHHHHLESTSLYKKAGFMESIEEELTELRTTLRHHEYLYHVMDAPEIPDAEYDRLMRELRELETKHPELITPDSPTQRVGAAPLAAF